Model,RMSE,MAE
ARIMA,7.18812910315738,4.6036530696337605
SARIMA,7.53797570098302,4.984303190191685
PROPHET,81.24943495037786,80.95486993424244
